{
  "n_conv_layers": 8,
  "n_linear_layers": 1,
  "conv_ch_0": 256,
  "conv_ch_1": 16,
  "conv_ch_2": 256,
  "conv_ch_3": 128,
  "conv_ch_4": 32,
  "conv_ch_5": 128,
  "conv_ch_6": 64,
  "conv_ch_7": 64,
  "linear_units_0": 128,
  "kernel_size": 3,
  "pool_every": 2,
  "pool_type": "max",
  "dropout": 0.3986671360118502,
  "lr": 0.0037019571035174586
}