{
  "n_conv_layers": 10,
  "n_linear_layers": 1,
  "conv_ch_0": 256,
  "conv_ch_1": 128,
  "conv_ch_2": 128,
  "conv_ch_3": 32,
  "conv_ch_4": 64,
  "conv_ch_5": 256,
  "conv_ch_6": 128,
  "conv_ch_7": 64,
  "conv_ch_8": 256,
  "conv_ch_9": 16,
  "linear_units_0": 256,
  "kernel_size": 5,
  "pool_every": 3,
  "pool_type": "max",
  "dropout": 0.36922460462566326,
  "lr": 0.0057151959169341425
}